method,arc_WRMSD
REF,0.031
B3LYP,0.04168
DFTB,0.03758
DFTB3,0.03037
AM1,0.06123
PM3,0.06793
PM3MM,0.06591
PM6,0.10313
PM7,0.08986
