method,gibbs_RMSD
REF,1.2506
B3LYP,3.18758
DFTB,2.82493
DFTB3,2.88597
AM1,3.74342
PM3,4.71617
PM3MM,4.73888
PM6,3.4177
PM7,3.95669
