method,gibbs_RMSD
REF,2.52084
B3LYP,2.28462
DFTB,4.27488
DFTB3,4.25993
AM1,5.69587
PM3,6.46264
PM3MM,6.46264
PM6,4.05566
PM7,3.89191
