method,gibbs_RMSD
AM1,4.45699
B3LYP,3.34583
DFTB,29.14115
PM3,4.66733
PM3MM,4.63696
PM6,5.13112
REFERENCE,1.11645
