method,arc_WRMSD
REFERENCE,0.04305
B3LYP,0.05929
APFD,0.04722
DFTB,0.03286
AM1,0.10267
PM3,0.08274
PM3MM,0.08064
PM6,0.13439
