method,arc_WRMSD
REFERENCE,0.02645
B3LYP,0.05585
APFD,0.07984
DFTB,0.08714
AM1,0.1325
PM3,0.07703
PM3MM,0.08687
PM6,0.21206
