method,gibbs_phys_RMSD,gibbs_RMSD
REFERENCE,0.33093,0.33093
B3LYP,2.26123,2.43742
APFD,1.89021,2.04523
DFTB,3.44135,3.58349
AM1,2.86955,3.62393
PM3,3.1658,3.701
PM3MM,3.13993,3.62491
PM6,3.29758,3.48869
