method,gibbs_RMSD
REFERENCE,0.76645
B3LYP,2.54746
APFD,2.11967
DFTB,3.31026
AM1,3.21558
PM3,3.31596
PM3MM,3.24308
PM6,3.02025
