method,arc_WRMSD
REFERENCE,0.05553
B3LYP,0.0604
DFTB,0.14028
AM1,0.13933
PM3,0.13048
PM3MM,0.1419
PM6,0.22131
