method,gibbs_RMSD
REFERENCE,1.45775
B3LYP,1.20264
APFD,1.31345
DFTB,5.4743
AM1,6.78473
PM3,6.78025
PM3MM,6.65907
PM6,6.23535
