method,arc_WRMSD
REFERENCE,0.02624
B3LYP,0.03644
APFD,0.07092
DFTB,0.08699
AM1,0.1171
PM3,0.08103
PM3MM,0.09012
PM6,0.20351
