method,gibbs_RMSD
REF,0.76645
B3LYP,2.50837
APFD,2.11346
DFTB,3.31026
AM1,3.21932
PM3,3.55919
PM3MM,3.4819
PM6,3.06002
