method,gibbs_phys_RMSD,gibbs_RMSD
REFERENCE,0.76645,0.76645
B3LYP,2.3796,2.54746
APFD,1.96193,2.11967
DFTB,3.29693,3.31026
AM1,3.09181,3.21558
PM3,3.3559,3.31596
PM3MM,3.32607,3.24308
PM6,3.34016,3.02025
