method,gibbs_RMSD
REFERENCE,0.33093
B3LYP,2.43742
APFD,2.04523
DFTB,3.58349
AM1,3.62393
PM3,3.701
PM3MM,3.62491
PM6,3.48869
