method,arc_WRMSD
REFERENCE,0.03289
B3LYP,0.06492
DFTB,0.03329
AM1,0.10201
PM3,0.08236
PM3MM,0.07993
PM6,0.14314
