method,gibbs_RMSD
REFERENCE,0.32049
B3LYP,2.498
DFTB,3.58254
AM1,3.59451
PM3,3.66503
PM3MM,3.58957
PM6,3.4898
