method,gibbs_RMSD
REFERENCE,1.39664
B3LYP,1.16302
DFTB,5.72562
AM1,6.65754
PM3,6.78874
PM3MM,6.71668
PM6,6.25278
