method,gibbs_phys_RMSD,gibbs_RMSD
REFERENCE,1.45775,1.45775
B3LYP,1.18951,1.20264
APFD,1.24014,1.31345
DFTB,5.70369,5.4743
AM1,6.84635,6.78473
PM3,6.981,6.78025
PM3MM,6.92872,6.65907
PM6,6.72151,6.23535
