method,arc_WRMSD
AM1,0.06617
B3LYP,0.02697
DFTB,0.03206
PM3,0.0633
PM3MM,0.0648
PM6,0.09462
REFERENCE,0.02485
