method,gibbs_RMSD
REFERENCE,1.54961
B3LYP,1.21677
APFD,1.46161
DFTB,5.58936
AM1,7.05757
PM3,6.8855
PM3MM,6.8134
PM6,7.11219
