method,arc_phys_WRMSD,arc_WRMSD
REFERENCE,0.02645,0.02645
B3LYP,0.03578,0.05585
APFD,0.0665,0.07984
DFTB,0.08384,0.08714
AM1,0.1214,0.1325
PM3,0.07834,0.07703
PM3MM,0.07883,0.08687
PM6,0.21446,0.21206
