method,gibbs_RMSD
REFERENCE,0.0
B3LYP,0.18705
APFD,0.25626
BMK,0.18374
M06L,0.24118
PBEPBE,0.17082
DFTB,1.88696
AM1,3.10403
PM3,2.90075
PM3MM,2.9005
PM6,2.09881
