method,gibbs_RMSD
AM1,3.27638
APFD,0.32288
B3LYP,0.37493
BMK,0.19418
M06L,0.27484
PBEPBE,0.28369
PM3,3.20662
PM3MM,3.20847
PM6,3.96787
REFERENCE,0.0
