method,gibbs_phys_RMSD,gibbs_RMSD
REFERENCE,0.0,0.0
B3LYP,0.0,0.65871
APFD,0.0,0.42324
BMK,0.0,0.28995
M06L,0.0,0.48127
PBEPBE,0.0,0.54041
DFTB,0.0,3.1062
AM1,0.0,3.27762
PM3,0.0,3.90072
PM3MM,0.0,3.85456
PM6,0.0,3.94909
