method,arc_WRMSD
REFERENCE,0.0
B3LYP,0.01278
APFD,0.02197
BMK,0.02647
M06L,0.03383
PBEPBE,0.05571
DFTB,0.16465
AM1,0.08968
PM3,0.12008
PM3MM,0.11499
PM6,0.17203
