method,arc_WRMSD
AM1,0.04659
APFD,0.01104
B3LYP,0.00698
BMK,0.0157
M06L,0.01788
PBEPBE,0.03362
PM3,0.07242
PM3MM,0.07023
PM6,0.10462
REFERENCE,0.0
