File Name,new_cluster_group,boltzmann_weighting,cluster_group_H298 (Hartrees)
puck06,0,1.0,0.0
puck04,13,1.0,5.799999798555
puck02,14,1.0,5.799999798555
puck03,18,1.0,6.899999857722
puck07,19,1.0,6.899999857722
puck08,23,1.0,5.799999798555
puck05,24,1.0,5.799999798555
puck01,37,1.0,0.0
