method,gibbs_RMSD
REFERENCE,1.55646
DFTB,4.42169
AM1,6.5853
PM3,6.74163
PM3MM,6.74221
PM6,5.76595
