method,arc_WRMSD
REFERENCE,0.04525
DFTB,0.0808
AM1,0.10787
PM3,0.11381
PM3MM,0.11381
PM6,0.20816
