method,gibbs_RMSD
REFERENCE,0.6212
DFTB,3.06169
AM1,3.94034
PM3,4.54475
PM3MM,4.58849
PM6,4.41163
