method,arc_WRMSD
REFERENCE,0.04477
DFTB,0.05332
AM1,0.0662
PM3,0.0685
PM3MM,0.06574
PM6,0.09714
