method,gibbs_RMSD
REF,1.82576
B3LYP,1.39205
APFD,2.00215
DFTB,5.30196
DFTB3,6.11854
AM1,6.65776
PM3,6.92615
PM3MM,6.85362
PM6,6.68874
