method,gibbs_RMSD
REF,1.01063
B3LYP,2.72096
APFD,2.856
DFTB,3.24885
DFTB3,3.45497
AM1,3.08684
PM3,3.41222
PM3MM,3.35301
PM6,2.94018
