method,arc_WRMSD
REF,0.02533
B3LYP,0.03435
APFD,0.07041
DFTB,0.08635
AM1,0.11741
PM3,0.07923
PM3MM,0.0888
PM6,0.21053
