method,arc_WRMSD
REF,0.04234
B3LYP,0.05804
APFD,0.04491
DFTB,0.0388
AM1,0.10292
PM3,0.08319
PM3MM,0.08247
PM6,0.12141
