method,arc_WRMSD
REF,0.03993
B3LYP,0.04454
DFTB,0.03935
AM1,0.06185
PM3,0.06767
PM3MM,0.06827
PM6,0.09618
