method,gibbs_RMSD
REF,2.05966
B3LYP,1.89206
DFTB,4.12968
AM1,6.03097
PM3,6.26459
PM3MM,6.26517
PM6,5.39814
