method,arc_WRMSD
REF,0.05367
B3LYP,0.06152
DFTB,0.08802
AM1,0.10649
PM3,0.12306
PM3MM,0.12306
PM6,0.2169
