method,gibbs_RMSD
REFERENCE,1.39664
B3LYP,1.16302
APFD,1.34453
DFTB,5.37504
AM1,6.65754
PM3,6.78874
PM3MM,6.71668
PM6,6.25278
