method,arc_WRMSD
REFERENCE,0.05553
B3LYP,0.0604
APFD,0.08598
DFTB,0.13553
AM1,0.13934
PM3,0.13048
PM3MM,0.1419
PM6,0.22131
