method,arc_phys_WRMSD,arc_WRMSD
REFERENCE,0.04525,0.04525
DFTB,0.079,0.08025
AM1,0.10698,0.10787
PM3,0.10473,0.11381
PM3MM,0.10473,0.11381
PM6,0.20234,0.20816
