method,gibbs_RMSD
REFERENCE,1.99571
DFTB,4.23449
AM1,6.19208
PM3,6.39239
PM3MM,6.39297
PM6,5.38939
