method,arc_WRMSD
REFERENCE,0.03551
DFTB,0.05491
AM1,0.06836
PM3,0.07383
PM3MM,0.08118
PM6,0.09988
