method,gibbs_RMSD
REFERENCE,1.9989
B3LYP,1.71508
DFTB,4.22677
AM1,6.15897
PM3,6.2941
PM3MM,6.29467
PM6,5.24743
