method,gibbs_phys_RMSD,gibbs_RMSD
REFERENCE,0.9688,0.9688
B3LYP,2.81843,2.81843
DFTB,2.81009,2.81009
AM1,3.93723,3.9148
PM3,4.47192,4.41962
PM3MM,4.48487,4.44203
PM6,4.38371,4.20097
