method,gibbs_phys_RMSD,gibbs_RMSD
REFERENCE,1.9989,1.9989
B3LYP,1.72532,1.71508
DFTB,4.24325,4.22677
AM1,6.42753,6.15897
PM3,6.45621,6.2941
PM3MM,6.45679,6.29467
PM6,5.9155,5.24743
