method,gibbs_RMSD
REFERENCE,0.43186
AM1,3.76498
PM3,4.296
PM3MM,4.33827
PM6,4.42918
