method,gibbs_RMSD
REFERENCE,0.9688
B3LYP,2.81843
DFTB,2.81009
AM1,3.9148
PM3,4.41962
PM3MM,4.44203
PM6,4.20097
