method,arc_WRMSD
REFERENCE,0.02438
AM1,0.05797
PM3,0.063
PM3MM,0.06187
PM6,0.09346
