method,arc_WRMSD
REFERENCE,0.04255
B3LYP,0.0735
DFTB,0.08061
AM1,0.11875
PM3,0.12847
PM3MM,0.12847
PM6,0.23038
