method,arc_WRMSD
REFERENCE,0.04416
DFTB,0.08495
AM1,0.11864
PM3,0.12531
PM3MM,0.12531
PM6,0.21663
