method,gibbs_phys_RMSD,gibbs_RMSD
REFERENCE,2.05966,2.05966
B3LYP,1.89206,1.89206
DFTB,4.14441,4.12968
AM1,6.15432,6.03097
PM3,6.33432,6.26459
PM3MM,6.33491,6.26517
PM6,5.78886,5.39814
