method,gibbs_RMSD
REFERENCE,0.97116
B3LYP,2.8099
DFTB,2.80408
AM1,3.84231
PM3,4.40898
PM3MM,4.42348
PM6,4.1806
